id,type,actor_id,repo_id,public,created_at
23487929661,PushEvent,91143053,525851446,t,2022-08-17T15:51:05Z
23487929682,PushEvent,60825784,505029866,t,2022-08-17T15:51:05Z
23487929673,PushEvent,102357035,525845306,t,2022-08-17T15:51:05Z
23487929588,PushEvent,46447321,274724694,t,2022-08-17T15:51:05Z
23487929573,PushEvent,22376627,264221410,t,2022-08-17T15:51:05Z
23487929522,ReleaseEvent,41898282,523780252,t,2022-08-17T15:51:05Z
23487929560,PushEvent,111369888,525845966,t,2022-08-17T15:51:05Z
23487929523,PushEvent,12437240,524300625,t,2022-08-17T15:51:05Z
23487929496,DeleteEvent,111434456,525800293,t,2022-08-17T15:51:05Z
23487929428,IssuesEvent,21071133,501154542,t,2022-08-17T15:51:05Z
23487929637,IssueCommentEvent,1696078,75340147,t,2022-08-17T15:51:05Z
23487929676,PushEvent,66924041,525526680,t,2022-08-17T15:51:05Z
23487929674,PushEvent,74971347,512700417,t,2022-08-17T15:51:05Z
23487929636,CreateEvent,41898282,523780252,t,2022-08-17T15:51:05Z
23487929580,IssuesEvent,21972349,524701461,t,2022-08-17T15:51:05Z
23487929591,PushEvent,17869732,164541747,t,2022-08-17T15:51:05Z
23487929533,PushEvent,37043957,524655561,t,2022-08-17T15:51:05Z
23487929349,PushEvent,90624848,472789273,t,2022-08-17T15:51:04Z
23487929578,PushEvent,98659638,487950724,t,2022-08-17T15:51:05Z
23487929597,IssueCommentEvent,32714304,432870871,t,2022-08-17T15:51:05Z
23487929536,PushEvent,5146167,522475355,t,2022-08-17T15:51:05Z
23487929501,DeleteEvent,34882892,280075452,t,2022-08-17T15:51:05Z
23487929494,PushEvent,39814207,502695999,t,2022-08-17T15:51:05Z
23487929532,PushEvent,75855221,381424857,t,2022-08-17T15:51:05Z
23487929508,CreateEvent,90800936,525860418,t,2022-08-17T15:51:05Z
23487929447,PushEvent,102809970,507821009,t,2022-08-17T15:51:05Z
23487929420,PushEvent,5981249,55965971,t,2022-08-17T15:51:05Z
23487929439,PushEvent,41898282,266811533,t,2022-08-17T15:51:05Z
23487929452,PushEvent,23216921,406699027,t,2022-08-17T15:51:05Z
23487929425,IssueCommentEvent,28898909,239809522,t,2022-08-17T15:51:05Z