id,type,actor_id,actor_login,actor_display_login,actor_gravatar_id,actor_url,actor_avatar_url,repo_id,repo_name,repo_url,public,created_at
23487929637,IssueCommentEvent,1696078,sukhada,sukhada,,https://api.github.com/users/sukhada,https://avatars.githubusercontent.com/u/1696078?,75340147,350org/ak_intl_v3,https://api.github.com/repos/350org/ak_intl_v3,t,2022-08-17T15:51:05Z
23487929676,PushEvent,66924041,yousabu,yousabu,,https://api.github.com/users/yousabu,https://avatars.githubusercontent.com/u/66924041?,525526680,yousabu/ansible_rhce,https://api.github.com/repos/yousabu/ansible_rhce,t,2022-08-17T15:51:05Z
23487929674,PushEvent,74971347,MathisGD,MathisGD,,https://api.github.com/users/MathisGD,https://avatars.githubusercontent.com/u/74971347?,512700417,morpho-dao/morpho-utils,https://api.github.com/repos/morpho-dao/morpho-utils,t,2022-08-17T15:51:05Z
23487929661,PushEvent,91143053,BR-Junior,BR-Junior,,https://api.github.com/users/BR-Junior,https://avatars.githubusercontent.com/u/91143053?,525851446,BR-Junior/crud-com-vue-e-quasar,https://api.github.com/repos/BR-Junior/crud-com-vue-e-quasar,t,2022-08-17T15:51:05Z
23487929682,PushEvent,60825784,predictcrypto,predictcrypto,,https://api.github.com/users/predictcrypto,https://avatars.githubusercontent.com/u/60825784?,505029866,predictcrypto/pins,https://api.github.com/repos/predictcrypto/pins,t,2022-08-17T15:51:05Z
23487929673,PushEvent,102357035,kazukimikami,kazukimikami,,https://api.github.com/users/kazukimikami,https://avatars.githubusercontent.com/u/102357035?,525845306,kazukimikami/reservation,https://api.github.com/repos/kazukimikami/reservation,t,2022-08-17T15:51:05Z
23487929588,PushEvent,46447321,allcontributors[bot],allcontributors,,https://api.github.com/users/allcontributors[bot],https://avatars.githubusercontent.com/u/46447321?,274724694,dendronhq/dendron,https://api.github.com/repos/dendronhq/dendron,t,2022-08-17T15:51:05Z
23487929636,CreateEvent,41898282,github-actions[bot],github-actions,,https://api.github.com/users/github-actions[bot],https://avatars.githubusercontent.com/u/41898282?,523780252,tiller1010/silverstripe-spam-module,https://api.github.com/repos/tiller1010/silverstripe-spam-module,t,2022-08-17T15:51:05Z
23487929580,IssuesEvent,21972349,sozysozbot,sozysozbot,,https://api.github.com/users/sozysozbot,https://avatars.githubusercontent.com/u/21972349?,524701461,sozysozbot/mikanos,https://api.github.com/repos/sozysozbot/mikanos,t,2022-08-17T15:51:05Z
23487929591,PushEvent,17869732,moiify,moiify,,https://api.github.com/users/moiify,https://avatars.githubusercontent.com/u/17869732?,164541747,moiify/AutoGreen,https://api.github.com/repos/moiify/AutoGreen,t,2022-08-17T15:51:05Z
23487929533,PushEvent,37043957,Callithrix-omics,Callithrix-omics,,https://api.github.com/users/Callithrix-omics,https://avatars.githubusercontent.com/u/37043957?,524655561,Callithrix-omics/Callithrix-omics.github.io,https://api.github.com/repos/Callithrix-omics/Callithrix-omics.github.io,t,2022-08-17T15:51:05Z
23487929573,PushEvent,22376627,datho7561,datho7561,,https://api.github.com/users/datho7561,https://avatars.githubusercontent.com/u/22376627?,264221410,datho7561/quarkus-ls,https://api.github.com/repos/datho7561/quarkus-ls,t,2022-08-17T15:51:05Z
23487929349,PushEvent,90624848,ofzlo,ofzlo,,https://api.github.com/users/ofzlo,https://avatars.githubusercontent.com/u/90624848?,472789273,Sooktoring/Sooktoring-Android,https://api.github.com/repos/Sooktoring/Sooktoring-Android,t,2022-08-17T15:51:04Z
23487929578,PushEvent,98659638,edwardzuniga,edwardzuniga,,https://api.github.com/users/edwardzuniga,https://avatars.githubusercontent.com/u/98659638?,487950724,edwardzuniga/holbertonschool-higher_level_programming,https://api.github.com/repos/edwardzuniga/holbertonschool-higher_level_programming,t,2022-08-17T15:51:05Z
23487929597,IssueCommentEvent,32714304,0xcadams,0xcadams,,https://api.github.com/users/0xcadams,https://avatars.githubusercontent.com/u/32714304?,432870871,livepeer/explorer,https://api.github.com/repos/livepeer/explorer,t,2022-08-17T15:51:05Z
23487929522,ReleaseEvent,41898282,github-actions[bot],github-actions,,https://api.github.com/users/github-actions[bot],https://avatars.githubusercontent.com/u/41898282?,523780252,tiller1010/silverstripe-spam-module,https://api.github.com/repos/tiller1010/silverstripe-spam-module,t,2022-08-17T15:51:05Z
23487929560,PushEvent,111369888,Mahalderk,Mahalderk,,https://api.github.com/users/Mahalderk,https://avatars.githubusercontent.com/u/111369888?,525845966,Mahalderk/CV,https://api.github.com/repos/Mahalderk/CV,t,2022-08-17T15:51:05Z
23487929536,PushEvent,5146167,markbush,markbush,,https://api.github.com/users/markbush,https://avatars.githubusercontent.com/u/5146167?,522475355,markbush/Smalltalk-80-CompilerLib,https://api.github.com/repos/markbush/Smalltalk-80-CompilerLib,t,2022-08-17T15:51:05Z
23487929501,DeleteEvent,34882892,balena-ci,balena-ci,,https://api.github.com/users/balena-ci,https://avatars.githubusercontent.com/u/34882892?,280075452,product-os/jellyfish-worker,https://api.github.com/repos/product-os/jellyfish-worker,t,2022-08-17T15:51:05Z
23487929523,PushEvent,12437240,chengzhong001,chengzhong001,,https://api.github.com/users/chengzhong001,https://avatars.githubusercontent.com/u/12437240?,524300625,chengzhong001/cpp-examples,https://api.github.com/repos/chengzhong001/cpp-examples,t,2022-08-17T15:51:05Z
23487929494,PushEvent,39814207,pull[bot],pull,,https://api.github.com/users/pull[bot],https://avatars.githubusercontent.com/u/39814207?,502695999,kybru91/vscode-languageserver-node,https://api.github.com/repos/kybru91/vscode-languageserver-node,t,2022-08-17T15:51:05Z
23487929532,PushEvent,75855221,fathozt,fathozt,,https://api.github.com/users/fathozt,https://avatars.githubusercontent.com/u/75855221?,381424857,fathozt/MyProject,https://api.github.com/repos/fathozt/MyProject,t,2022-08-17T15:51:05Z
23487929508,CreateEvent,90800936,ibrahimalangri,ibrahimalangri,,https://api.github.com/users/ibrahimalangri,https://avatars.githubusercontent.com/u/90800936?,525860418,ibrahimalangri/KUn,https://api.github.com/repos/ibrahimalangri/KUn,t,2022-08-17T15:51:05Z
23487929447,PushEvent,102809970,InonAngel98,InonAngel98,,https://api.github.com/users/InonAngel98,https://avatars.githubusercontent.com/u/102809970?,507821009,web-application-app/gigosRate,https://api.github.com/repos/web-application-app/gigosRate,t,2022-08-17T15:51:05Z
23487929496,DeleteEvent,111434456,DmytroKova,DmytroKova,,https://api.github.com/users/DmytroKova,https://avatars.githubusercontent.com/u/111434456?,525800293,DmytroKova/TUTORIAL,https://api.github.com/repos/DmytroKova/TUTORIAL,t,2022-08-17T15:51:05Z
23487929420,PushEvent,5981249,brianway,brianway,,https://api.github.com/users/brianway,https://avatars.githubusercontent.com/u/5981249?,55965971,brianway/algorithms-learning,https://api.github.com/repos/brianway/algorithms-learning,t,2022-08-17T15:51:05Z
23487929439,PushEvent,41898282,github-actions[bot],github-actions,,https://api.github.com/users/github-actions[bot],https://avatars.githubusercontent.com/u/41898282?,266811533,wizche/lema-observatory,https://api.github.com/repos/wizche/lema-observatory,t,2022-08-17T15:51:05Z
23487929452,PushEvent,23216921,adamsorbie,adamsorbie,,https://api.github.com/users/adamsorbie,https://avatars.githubusercontent.com/u/23216921?,406699027,adamsorbie/Stroke_Microbiota_reproducibility,https://api.github.com/repos/adamsorbie/Stroke_Microbiota_reproducibility,t,2022-08-17T15:51:05Z
23487929428,IssuesEvent,21071133,justbecoder,justbecoder,,https://api.github.com/users/justbecoder,https://avatars.githubusercontent.com/u/21071133?,501154542,justbecoder/react-router-middleware-plus,https://api.github.com/repos/justbecoder/react-router-middleware-plus,t,2022-08-17T15:51:05Z
23487929425,IssueCommentEvent,28898909,dislbenn,dislbenn,,https://api.github.com/users/dislbenn,https://avatars.githubusercontent.com/u/28898909?,239809522,stolostron/search-e2e-test,https://api.github.com/repos/stolostron/search-e2e-test,t,2022-08-17T15:51:05Z